SELECT * FROM users WHERE id=1,select users by id
SELECT * FROM products WHERE id=2,select products by id
SELECT count(*) FROM orders WHERE id>3,count orders gt id
SELECT name FROM users WHERE id=4,select user name by id
SELECT price FROM products WHERE id=5,select product price
SELECT * FROM payments WHERE order_id=6,select payments by order
SELECT * FROM shipments WHERE order_id=7,select shipments by order
SELECT * FROM reviews WHERE product_id=8,select reviews by product
SELECT * FROM inventory WHERE product_id=9,select inventory by product
SELECT * FROM orders WHERE id=10,select orders by id
SELECT * FROM users WHERE id=11,select users by id
SELECT * FROM products WHERE id=12,select products by id
SELECT count(*) FROM orders WHERE id>13,count orders gt id
SELECT name FROM users WHERE id=14,select user name by id
SELECT price FROM products WHERE id=15,select product price
SELECT * FROM payments WHERE order_id=16,select payments by order
SELECT * FROM shipments WHERE order_id=17,select shipments by order
SELECT * FROM reviews WHERE product_id=18,select reviews by product
SELECT * FROM inventory WHERE product_id=19,select inventory by product
SELECT * FROM orders WHERE id=20,select orders by id
SELECT * FROM users WHERE id=21,select users by id
SELECT * FROM products WHERE id=22,select products by id
SELECT count(*) FROM orders WHERE id>23,count orders gt id
SELECT name FROM users WHERE id=24,select user name by id
SELECT price FROM products WHERE id=25,select product price
SELECT * FROM payments WHERE order_id=26,select payments by order
SELECT * FROM shipments WHERE order_id=27,select shipments by order
SELECT * FROM reviews WHERE product_id=28,select reviews by product
SELECT * FROM inventory WHERE product_id=29,select inventory by product
SELECT * FROM orders WHERE id=30,select orders by id
SELECT * FROM users WHERE id=31,select users by id
SELECT * FROM products WHERE id=32,select products by id
SELECT count(*) FROM orders WHERE id>33,count orders gt id
SELECT name FROM users WHERE id=34,select user name by id
SELECT price FROM products WHERE id=35,select product price
SELECT * FROM payments WHERE order_id=36,select payments by order
SELECT * FROM shipments WHERE order_id=37,select shipments by order
SELECT * FROM reviews WHERE product_id=38,select reviews by product
SELECT * FROM inventory WHERE product_id=39,select inventory by product
SELECT * FROM orders WHERE id=40,select orders by id
SELECT * FROM users WHERE id=41,select users by id
SELECT * FROM products WHERE id=42,select products by id
SELECT count(*) FROM orders WHERE id>43,count orders gt id
SELECT name FROM users WHERE id=44,select user name by id
SELECT price FROM products WHERE id=45,select product price
SELECT * FROM payments WHERE order_id=46,select payments by order
SELECT * FROM shipments WHERE order_id=47,select shipments by order
SELECT * FROM reviews WHERE product_id=48,select reviews by product
SELECT * FROM inventory WHERE product_id=49,select inventory by product
SELECT * FROM orders WHERE id=50,select orders by id
SELECT * FROM users WHERE id=51,select users by id
SELECT * FROM products WHERE id=52,select products by id
SELECT count(*) FROM orders WHERE id>53,count orders gt id
SELECT name FROM users WHERE id=54,select user name by id
SELECT price FROM products WHERE id=55,select product price
SELECT * FROM payments WHERE order_id=56,select payments by order
SELECT * FROM shipments WHERE order_id=57,select shipments by order
SELECT * FROM reviews WHERE product_id=58,select reviews by product
SELECT * FROM inventory WHERE product_id=59,select inventory by product
SELECT * FROM orders WHERE id=60,select orders by id
SELECT * FROM users WHERE id=61,select users by id
SELECT * FROM products WHERE id=62,select products by id
SELECT count(*) FROM orders WHERE id>63,count orders gt id
SELECT name FROM users WHERE id=64,select user name by id
SELECT price FROM products WHERE id=65,select product price
SELECT * FROM payments WHERE order_id=66,select payments by order
SELECT * FROM shipments WHERE order_id=67,select shipments by order
SELECT * FROM reviews WHERE product_id=68,select reviews by product
SELECT * FROM inventory WHERE product_id=69,select inventory by product
SELECT * FROM orders WHERE id=70,select orders by id
SELECT * FROM users WHERE id=71,select users by id
SELECT * FROM products WHERE id=72,select products by id
SELECT count(*) FROM orders WHERE id>73,count orders gt id
SELECT name FROM users WHERE id=74,select user name by id
SELECT price FROM products WHERE id=75,select product price
SELECT * FROM payments WHERE order_id=76,select payments by order
SELECT * FROM shipments WHERE order_id=77,select shipments by order
SELECT * FROM reviews WHERE product_id=78,select reviews by product
SELECT * FROM inventory WHERE product_id=79,select inventory by product
SELECT * FROM orders WHERE id=80,select orders by id
SELECT * FROM users WHERE id=81,select users by id
SELECT * FROM products WHERE id=82,select products by id
SELECT count(*) FROM orders WHERE id>83,count orders gt id
SELECT name FROM users WHERE id=84,select user name by id
SELECT price FROM products WHERE id=85,select product price
SELECT * FROM payments WHERE order_id=86,select payments by order
SELECT * FROM shipments WHERE order_id=87,select shipments by order
SELECT * FROM reviews WHERE product_id=88,select reviews by product
SELECT * FROM inventory WHERE product_id=89,select inventory by product
SELECT * FROM orders WHERE id=90,select orders by id
SELECT * FROM users WHERE id=91,select users by id
SELECT * FROM products WHERE id=92,select products by id
SELECT count(*) FROM orders WHERE id>93,count orders gt id
SELECT name FROM users WHERE id=94,select user name by id
SELECT price FROM products WHERE id=95,select product price
SELECT * FROM payments WHERE order_id=96,select payments by order
SELECT * FROM shipments WHERE order_id=97,select shipments by order
SELECT * FROM reviews WHERE product_id=98,select reviews by product
SELECT * FROM inventory WHERE product_id=99,select inventory by product
SELECT * FROM orders WHERE id=100,select orders by id
SELECT * FROM users WHERE id=101,select users by id
SELECT * FROM products WHERE id=102,select products by id
SELECT count(*) FROM orders WHERE id>103,count orders gt id
SELECT name FROM users WHERE id=104,select user name by id
SELECT price FROM products WHERE id=105,select product price
SELECT * FROM payments WHERE order_id=106,select payments by order
SELECT * FROM shipments WHERE order_id=107,select shipments by order
SELECT * FROM reviews WHERE product_id=108,select reviews by product
SELECT * FROM inventory WHERE product_id=109,select inventory by product
SELECT * FROM orders WHERE id=110,select orders by id
SELECT * FROM users WHERE id=111,select users by id
SELECT * FROM products WHERE id=112,select products by id
SELECT count(*) FROM orders WHERE id>113,count orders gt id
SELECT name FROM users WHERE id=114,select user name by id
SELECT price FROM products WHERE id=115,select product price
SELECT * FROM payments WHERE order_id=116,select payments by order
SELECT * FROM shipments WHERE order_id=117,select shipments by order
SELECT * FROM reviews WHERE product_id=118,select reviews by product
SELECT * FROM inventory WHERE product_id=119,select inventory by product
SELECT * FROM orders WHERE id=120,select orders by id
SELECT * FROM users WHERE id=121,select users by id
SELECT * FROM products WHERE id=122,select products by id
SELECT count(*) FROM orders WHERE id>123,count orders gt id
SELECT name FROM users WHERE id=124,select user name by id
SELECT price FROM products WHERE id=125,select product price
SELECT * FROM payments WHERE order_id=126,select payments by order
SELECT * FROM shipments WHERE order_id=127,select shipments by order
SELECT * FROM reviews WHERE product_id=128,select reviews by product
SELECT * FROM inventory WHERE product_id=129,select inventory by product
SELECT * FROM orders WHERE id=130,select orders by id
SELECT * FROM users WHERE id=131,select users by id
SELECT * FROM products WHERE id=132,select products by id
SELECT count(*) FROM orders WHERE id>133,count orders gt id
SELECT name FROM users WHERE id=134,select user name by id
SELECT price FROM products WHERE id=135,select product price
SELECT * FROM payments WHERE order_id=136,select payments by order
SELECT * FROM shipments WHERE order_id=137,select shipments by order
SELECT * FROM reviews WHERE product_id=138,select reviews by product
SELECT * FROM inventory WHERE product_id=139,select inventory by product
SELECT * FROM orders WHERE id=140,select orders by id
SELECT * FROM users WHERE id=141,select users by id
SELECT * FROM products WHERE id=142,select products by id
SELECT count(*) FROM orders WHERE id>143,count orders gt id
SELECT name FROM users WHERE id=144,select user name by id
SELECT price FROM products WHERE id=145,select product price
SELECT * FROM payments WHERE order_id=146,select payments by order
SELECT * FROM shipments WHERE order_id=147,select shipments by order
SELECT * FROM reviews WHERE product_id=148,select reviews by product
SELECT * FROM inventory WHERE product_id=149,select inventory by product
SELECT * FROM orders WHERE id=150,select orders by id
SELECT * FROM users WHERE id=151,select users by id
SELECT * FROM products WHERE id=152,select products by id
SELECT count(*) FROM orders WHERE id>153,count orders gt id
SELECT name FROM users WHERE id=154,select user name by id
SELECT price FROM products WHERE id=155,select product price
SELECT * FROM payments WHERE order_id=156,select payments by order
SELECT * FROM shipments WHERE order_id=157,select shipments by order
SELECT * FROM reviews WHERE product_id=158,select reviews by product
SELECT * FROM inventory WHERE product_id=159,select inventory by product
SELECT * FROM orders WHERE id=160,select orders by id
SELECT * FROM users WHERE id=161,select users by id
SELECT * FROM products WHERE id=162,select products by id
SELECT count(*) FROM orders WHERE id>163,count orders gt id
SELECT name FROM users WHERE id=164,select user name by id
SELECT price FROM products WHERE id=165,select product price
SELECT * FROM payments WHERE order_id=166,select payments by order
SELECT * FROM shipments WHERE order_id=167,select shipments by order
SELECT * FROM reviews WHERE product_id=168,select reviews by product
SELECT * FROM inventory WHERE product_id=169,select inventory by product
SELECT * FROM orders WHERE id=170,select orders by id
SELECT * FROM users WHERE id=171,select users by id
SELECT * FROM products WHERE id=172,select products by id
SELECT count(*) FROM orders WHERE id>173,count orders gt id
SELECT name FROM users WHERE id=174,select user name by id
SELECT price FROM products WHERE id=175,select product price
SELECT * FROM payments WHERE order_id=176,select payments by order
SELECT * FROM shipments WHERE order_id=177,select shipments by order
SELECT * FROM reviews WHERE product_id=178,select reviews by product
SELECT * FROM inventory WHERE product_id=179,select inventory by product
SELECT * FROM orders WHERE id=180,select orders by id
SELECT * FROM users WHERE id=181,select users by id
SELECT * FROM products WHERE id=182,select products by id
SELECT count(*) FROM orders WHERE id>183,count orders gt id
SELECT name FROM users WHERE id=184,select user name by id
SELECT price FROM products WHERE id=185,select product price
SELECT * FROM payments WHERE order_id=186,select payments by order
SELECT * FROM shipments WHERE order_id=187,select shipments by order
SELECT * FROM reviews WHERE product_id=188,select reviews by product
SELECT * FROM inventory WHERE product_id=189,select inventory by product
SELECT * FROM orders WHERE id=190,select orders by id
SELECT * FROM users WHERE id=191,select users by id
SELECT * FROM products WHERE id=192,select products by id
SELECT count(*) FROM orders WHERE id>193,count orders gt id
SELECT name FROM users WHERE id=194,select user name by id
SELECT price FROM products WHERE id=195,select product price
SELECT * FROM payments WHERE order_id=196,select payments by order
SELECT * FROM shipments WHERE order_id=197,select shipments by order
SELECT * FROM reviews WHERE product_id=198,select reviews by product
SELECT * FROM inventory WHERE product_id=199,select inventory by product
SELECT * FROM orders WHERE id=200,select orders by id
SELECT * FROM users WHERE id=201,select users by id
SELECT * FROM products WHERE id=202,select products by id
SELECT count(*) FROM orders WHERE id>203,count orders gt id
SELECT name FROM users WHERE id=204,select user name by id
SELECT price FROM products WHERE id=205,select product price
SELECT * FROM payments WHERE order_id=206,select payments by order
SELECT * FROM shipments WHERE order_id=207,select shipments by order
SELECT * FROM reviews WHERE product_id=208,select reviews by product
SELECT * FROM inventory WHERE product_id=209,select inventory by product
SELECT * FROM orders WHERE id=210,select orders by id
SELECT * FROM users WHERE id=211,select users by id
SELECT * FROM products WHERE id=212,select products by id
SELECT count(*) FROM orders WHERE id>213,count orders gt id
SELECT name FROM users WHERE id=214,select user name by id
SELECT price FROM products WHERE id=215,select product price
SELECT * FROM payments WHERE order_id=216,select payments by order
SELECT * FROM shipments WHERE order_id=217,select shipments by order
SELECT * FROM reviews WHERE product_id=218,select reviews by product
SELECT * FROM inventory WHERE product_id=219,select inventory by product
SELECT * FROM orders WHERE id=220,select orders by id
SELECT * FROM users WHERE id=221,select users by id
SELECT * FROM products WHERE id=222,select products by id
SELECT count(*) FROM orders WHERE id>223,count orders gt id
SELECT name FROM users WHERE id=224,select user name by id
SELECT price FROM products WHERE id=225,select product price
SELECT * FROM payments WHERE order_id=226,select payments by order
SELECT * FROM shipments WHERE order_id=227,select shipments by order
SELECT * FROM reviews WHERE product_id=228,select reviews by product
SELECT * FROM inventory WHERE product_id=229,select inventory by product
SELECT * FROM orders WHERE id=230,select orders by id
SELECT * FROM users WHERE id=231,select users by id
SELECT * FROM products WHERE id=232,select products by id
SELECT count(*) FROM orders WHERE id>233,count orders gt id
SELECT name FROM users WHERE id=234,select user name by id
SELECT price FROM products WHERE id=235,select product price
SELECT * FROM payments WHERE order_id=236,select payments by order
SELECT * FROM shipments WHERE order_id=237,select shipments by order
SELECT * FROM reviews WHERE product_id=238,select reviews by product
SELECT * FROM inventory WHERE product_id=239,select inventory by product
SELECT * FROM orders WHERE id=240,select orders by id
SELECT * FROM users WHERE id=241,select users by id
SELECT * FROM products WHERE id=242,select products by id
SELECT count(*) FROM orders WHERE id>243,count orders gt id
SELECT name FROM users WHERE id=244,select user name by id
SELECT price FROM products WHERE id=245,select product price
SELECT * FROM payments WHERE order_id=246,select payments by order
SELECT * FROM shipments WHERE order_id=247,select shipments by order
SELECT * FROM reviews WHERE product_id=248,select reviews by product
SELECT * FROM inventory WHERE product_id=249,select inventory by product
SELECT * FROM orders WHERE id=250,select orders by id
SELECT * FROM users WHERE id=251,select users by id
SELECT * FROM products WHERE id=252,select products by id
SELECT count(*) FROM orders WHERE id>253,count orders gt id
SELECT name FROM users WHERE id=254,select user name by id
SELECT price FROM products WHERE id=255,select product price
SELECT * FROM payments WHERE order_id=256,select payments by order
SELECT * FROM shipments WHERE order_id=257,select shipments by order
SELECT * FROM reviews WHERE product_id=258,select reviews by product
SELECT * FROM inventory WHERE product_id=259,select inventory by product
SELECT * FROM orders WHERE id=260,select orders by id
SELECT * FROM users WHERE id=261,select users by id
SELECT * FROM products WHERE id=262,select products by id
SELECT count(*) FROM orders WHERE id>263,count orders gt id
SELECT name FROM users WHERE id=264,select user name by id
SELECT price FROM products WHERE id=265,select product price
SELECT * FROM payments WHERE order_id=266,select payments by order
SELECT * FROM shipments WHERE order_id=267,select shipments by order
SELECT * FROM reviews WHERE product_id=268,select reviews by product
SELECT * FROM inventory WHERE product_id=269,select inventory by product
SELECT * FROM orders WHERE id=270,select orders by id
SELECT * FROM users WHERE id=271,select users by id
SELECT * FROM products WHERE id=272,select products by id
SELECT count(*) FROM orders WHERE id>273,count orders gt id
SELECT name FROM users WHERE id=274,select user name by id
SELECT price FROM products WHERE id=275,select product price
SELECT * FROM payments WHERE order_id=276,select payments by order
SELECT * FROM shipments WHERE order_id=277,select shipments by order
SELECT * FROM reviews WHERE product_id=278,select reviews by product
SELECT * FROM inventory WHERE product_id=279,select inventory by product
SELECT * FROM orders WHERE id=280,select orders by id
SELECT * FROM users WHERE id=281,select users by id
SELECT * FROM products WHERE id=282,select products by id
SELECT count(*) FROM orders WHERE id>283,count orders gt id
SELECT name FROM users WHERE id=284,select user name by id
SELECT price FROM products WHERE id=285,select product price
SELECT * FROM payments WHERE order_id=286,select payments by order
SELECT * FROM shipments WHERE order_id=287,select shipments by order
SELECT * FROM reviews WHERE product_id=288,select reviews by product
SELECT * FROM inventory WHERE product_id=289,select inventory by product
SELECT * FROM orders WHERE id=290,select orders by id
SELECT * FROM users WHERE id=291,select users by id
SELECT * FROM products WHERE id=292,select products by id
SELECT count(*) FROM orders WHERE id>293,count orders gt id
SELECT name FROM users WHERE id=294,select user name by id
SELECT price FROM products WHERE id=295,select product price
SELECT * FROM payments WHERE order_id=296,select payments by order
SELECT * FROM shipments WHERE order_id=297,select shipments by order
SELECT * FROM reviews WHERE product_id=298,select reviews by product
SELECT * FROM inventory WHERE product_id=299,select inventory by product
SELECT * FROM orders WHERE id=300,select orders by id
SELECT * FROM users WHERE id=301,select users by id
SELECT * FROM products WHERE id=302,select products by id
SELECT count(*) FROM orders WHERE id>303,count orders gt id
SELECT name FROM users WHERE id=304,select user name by id
SELECT price FROM products WHERE id=305,select product price
SELECT * FROM payments WHERE order_id=306,select payments by order
SELECT * FROM shipments WHERE order_id=307,select shipments by order
SELECT * FROM reviews WHERE product_id=308,select reviews by product
SELECT * FROM inventory WHERE product_id=309,select inventory by product
SELECT * FROM orders WHERE id=310,select orders by id
SELECT * FROM users WHERE id=311,select users by id
SELECT * FROM products WHERE id=312,select products by id
SELECT count(*) FROM orders WHERE id>313,count orders gt id
SELECT name FROM users WHERE id=314,select user name by id
SELECT price FROM products WHERE id=315,select product price
SELECT * FROM payments WHERE order_id=316,select payments by order
SELECT * FROM shipments WHERE order_id=317,select shipments by order
SELECT * FROM reviews WHERE product_id=318,select reviews by product
SELECT * FROM inventory WHERE product_id=319,select inventory by product
SELECT * FROM orders WHERE id=320,select orders by id
SELECT * FROM users WHERE id=321,select users by id
SELECT * FROM products WHERE id=322,select products by id
SELECT count(*) FROM orders WHERE id>323,count orders gt id
SELECT name FROM users WHERE id=324,select user name by id
SELECT price FROM products WHERE id=325,select product price
SELECT * FROM payments WHERE order_id=326,select payments by order
SELECT * FROM shipments WHERE order_id=327,select shipments by order
SELECT * FROM reviews WHERE product_id=328,select reviews by product
SELECT * FROM inventory WHERE product_id=329,select inventory by product
SELECT * FROM orders WHERE id=330,select orders by id
SELECT * FROM users WHERE id=331,select users by id
SELECT * FROM products WHERE id=332,select products by id
SELECT count(*) FROM orders WHERE id>333,count orders gt id
SELECT name FROM users WHERE id=334,select user name by id
SELECT price FROM products WHERE id=335,select product price
SELECT * FROM payments WHERE order_id=336,select payments by order
SELECT * FROM shipments WHERE order_id=337,select shipments by order
SELECT * FROM reviews WHERE product_id=338,select reviews by product
SELECT * FROM inventory WHERE product_id=339,select inventory by product
SELECT * FROM orders WHERE id=340,select orders by id
SELECT * FROM users WHERE id=341,select users by id
SELECT * FROM products WHERE id=342,select products by id
SELECT count(*) FROM orders WHERE id>343,count orders gt id
SELECT name FROM users WHERE id=344,select user name by id
SELECT price FROM products WHERE id=345,select product price
SELECT * FROM payments WHERE order_id=346,select payments by order
SELECT * FROM shipments WHERE order_id=347,select shipments by order
SELECT * FROM reviews WHERE product_id=348,select reviews by product
SELECT * FROM inventory WHERE product_id=349,select inventory by product
SELECT * FROM orders WHERE id=350,select orders by id
SELECT * FROM users WHERE id=351,select users by id
SELECT * FROM products WHERE id=352,select products by id
SELECT count(*) FROM orders WHERE id>353,count orders gt id
SELECT name FROM users WHERE id=354,select user name by id
SELECT price FROM products WHERE id=355,select product price
SELECT * FROM payments WHERE order_id=356,select payments by order
SELECT * FROM shipments WHERE order_id=357,select shipments by order
SELECT * FROM reviews WHERE product_id=358,select reviews by product
SELECT * FROM inventory WHERE product_id=359,select inventory by product
SELECT * FROM orders WHERE id=360,select orders by id
SELECT * FROM users WHERE id=361,select users by id
SELECT * FROM products WHERE id=362,select products by id
SELECT count(*) FROM orders WHERE id>363,count orders gt id
SELECT name FROM users WHERE id=364,select user name by id
SELECT price FROM products WHERE id=365,select product price
SELECT * FROM payments WHERE order_id=366,select payments by order
SELECT * FROM shipments WHERE order_id=367,select shipments by order
SELECT * FROM reviews WHERE product_id=368,select reviews by product
SELECT * FROM inventory WHERE product_id=369,select inventory by product
SELECT * FROM orders WHERE id=370,select orders by id
SELECT * FROM users WHERE id=371,select users by id
SELECT * FROM products WHERE id=372,select products by id
SELECT count(*) FROM orders WHERE id>373,count orders gt id
SELECT name FROM users WHERE id=374,select user name by id
SELECT price FROM products WHERE id=375,select product price
SELECT * FROM payments WHERE order_id=376,select payments by order
SELECT * FROM shipments WHERE order_id=377,select shipments by order
SELECT * FROM reviews WHERE product_id=378,select reviews by product
SELECT * FROM inventory WHERE product_id=379,select inventory by product
SELECT * FROM orders WHERE id=380,select orders by id
SELECT * FROM users WHERE id=381,select users by id
SELECT * FROM products WHERE id=382,select products by id
SELECT count(*) FROM orders WHERE id>383,count orders gt id
SELECT name FROM users WHERE id=384,select user name by id
SELECT price FROM products WHERE id=385,select product price
SELECT * FROM payments WHERE order_id=386,select payments by order
SELECT * FROM shipments WHERE order_id=387,select shipments by order
SELECT * FROM reviews WHERE product_id=388,select reviews by product
SELECT * FROM inventory WHERE product_id=389,select inventory by product
SELECT * FROM orders WHERE id=390,select orders by id
SELECT * FROM users WHERE id=391,select users by id
SELECT * FROM products WHERE id=392,select products by id
SELECT count(*) FROM orders WHERE id>393,count orders gt id
SELECT name FROM users WHERE id=394,select user name by id
SELECT price FROM products WHERE id=395,select product price
SELECT * FROM payments WHERE order_id=396,select payments by order
SELECT * FROM shipments WHERE order_id=397,select shipments by order
SELECT * FROM reviews WHERE product_id=398,select reviews by product
SELECT * FROM inventory WHERE product_id=399,select inventory by product
SELECT * FROM orders WHERE id=400,select orders by id
SELECT * FROM users WHERE id=401,select users by id
SELECT * FROM products WHERE id=402,select products by id
SELECT count(*) FROM orders WHERE id>403,count orders gt id
SELECT name FROM users WHERE id=404,select user name by id
SELECT price FROM products WHERE id=405,select product price
SELECT * FROM payments WHERE order_id=406,select payments by order
SELECT * FROM shipments WHERE order_id=407,select shipments by order
SELECT * FROM reviews WHERE product_id=408,select reviews by product
SELECT * FROM inventory WHERE product_id=409,select inventory by product
SELECT * FROM orders WHERE id=410,select orders by id
SELECT * FROM users WHERE id=411,select users by id
SELECT * FROM products WHERE id=412,select products by id
SELECT count(*) FROM orders WHERE id>413,count orders gt id
SELECT name FROM users WHERE id=414,select user name by id
SELECT price FROM products WHERE id=415,select product price
SELECT * FROM payments WHERE order_id=416,select payments by order
SELECT * FROM shipments WHERE order_id=417,select shipments by order
SELECT * FROM reviews WHERE product_id=418,select reviews by product
SELECT * FROM inventory WHERE product_id=419,select inventory by product
SELECT * FROM orders WHERE id=420,select orders by id
SELECT * FROM users WHERE id=421,select users by id
SELECT * FROM products WHERE id=422,select products by id
SELECT count(*) FROM orders WHERE id>423,count orders gt id
SELECT name FROM users WHERE id=424,select user name by id
SELECT price FROM products WHERE id=425,select product price
SELECT * FROM payments WHERE order_id=426,select payments by order
SELECT * FROM shipments WHERE order_id=427,select shipments by order
SELECT * FROM reviews WHERE product_id=428,select reviews by product
SELECT * FROM inventory WHERE product_id=429,select inventory by product
SELECT * FROM orders WHERE id=430,select orders by id
SELECT * FROM users WHERE id=431,select users by id
SELECT * FROM products WHERE id=432,select products by id
SELECT count(*) FROM orders WHERE id>433,count orders gt id
SELECT name FROM users WHERE id=434,select user name by id
SELECT price FROM products WHERE id=435,select product price
SELECT * FROM payments WHERE order_id=436,select payments by order
SELECT * FROM shipments WHERE order_id=437,select shipments by order
SELECT * FROM reviews WHERE product_id=438,select reviews by product
SELECT * FROM inventory WHERE product_id=439,select inventory by product
SELECT * FROM orders WHERE id=440,select orders by id
SELECT * FROM users WHERE id=441,select users by id
SELECT * FROM products WHERE id=442,select products by id
SELECT count(*) FROM orders WHERE id>443,count orders gt id
SELECT name FROM users WHERE id=444,select user name by id
SELECT price FROM products WHERE id=445,select product price
SELECT * FROM payments WHERE order_id=446,select payments by order
SELECT * FROM shipments WHERE order_id=447,select shipments by order
SELECT * FROM reviews WHERE product_id=448,select reviews by product
SELECT * FROM inventory WHERE product_id=449,select inventory by product
SELECT * FROM orders WHERE id=450,select orders by id
SELECT * FROM users WHERE id=451,select users by id
SELECT * FROM products WHERE id=452,select products by id
SELECT count(*) FROM orders WHERE id>453,count orders gt id
SELECT name FROM users WHERE id=454,select user name by id
SELECT price FROM products WHERE id=455,select product price
SELECT * FROM payments WHERE order_id=456,select payments by order
SELECT * FROM shipments WHERE order_id=457,select shipments by order
SELECT * FROM reviews WHERE product_id=458,select reviews by product
SELECT * FROM inventory WHERE product_id=459,select inventory by product
SELECT * FROM orders WHERE id=460,select orders by id
SELECT * FROM users WHERE id=461,select users by id
SELECT * FROM products WHERE id=462,select products by id
SELECT count(*) FROM orders WHERE id>463,count orders gt id
SELECT name FROM users WHERE id=464,select user name by id
SELECT price FROM products WHERE id=465,select product price
SELECT * FROM payments WHERE order_id=466,select payments by order
SELECT * FROM shipments WHERE order_id=467,select shipments by order
SELECT * FROM reviews WHERE product_id=468,select reviews by product
SELECT * FROM inventory WHERE product_id=469,select inventory by product
SELECT * FROM orders WHERE id=470,select orders by id
SELECT * FROM users WHERE id=471,select users by id
SELECT * FROM products WHERE id=472,select products by id
SELECT count(*) FROM orders WHERE id>473,count orders gt id
SELECT name FROM users WHERE id=474,select user name by id
SELECT price FROM products WHERE id=475,select product price
SELECT * FROM payments WHERE order_id=476,select payments by order
SELECT * FROM shipments WHERE order_id=477,select shipments by order
SELECT * FROM reviews WHERE product_id=478,select reviews by product
SELECT * FROM inventory WHERE product_id=479,select inventory by product
SELECT * FROM orders WHERE id=480,select orders by id
SELECT * FROM users WHERE id=481,select users by id
SELECT * FROM products WHERE id=482,select products by id
SELECT count(*) FROM orders WHERE id>483,count orders gt id
SELECT name FROM users WHERE id=484,select user name by id
SELECT price FROM products WHERE id=485,select product price
SELECT * FROM payments WHERE order_id=486,select payments by order
SELECT * FROM shipments WHERE order_id=487,select shipments by order
SELECT * FROM reviews WHERE product_id=488,select reviews by product
SELECT * FROM inventory WHERE product_id=489,select inventory by product
SELECT * FROM orders WHERE id=490,select orders by id
SELECT * FROM users WHERE id=491,select users by id
SELECT * FROM products WHERE id=492,select products by id
SELECT count(*) FROM orders WHERE id>493,count orders gt id
SELECT name FROM users WHERE id=494,select user name by id
SELECT price FROM products WHERE id=495,select product price
SELECT * FROM payments WHERE order_id=496,select payments by order
SELECT * FROM shipments WHERE order_id=497,select shipments by order
SELECT * FROM reviews WHERE product_id=498,select reviews by product
SELECT * FROM inventory WHERE product_id=499,select inventory by product
SELECT * FROM orders WHERE id=500,select orders by id
SELECT * FROM users WHERE id=501,select users by id
SELECT * FROM products WHERE id=502,select products by id
SELECT count(*) FROM orders WHERE id>503,count orders gt id
SELECT name FROM users WHERE id=504,select user name by id
SELECT price FROM products WHERE id=505,select product price
SELECT * FROM payments WHERE order_id=506,select payments by order
SELECT * FROM shipments WHERE order_id=507,select shipments by order
SELECT * FROM reviews WHERE product_id=508,select reviews by product
SELECT * FROM inventory WHERE product_id=509,select inventory by product
SELECT * FROM orders WHERE id=510,select orders by id
SELECT * FROM users WHERE id=511,select users by id
SELECT * FROM products WHERE id=512,select products by id
SELECT count(*) FROM orders WHERE id>513,count orders gt id
SELECT name FROM users WHERE id=514,select user name by id
SELECT price FROM products WHERE id=515,select product price
SELECT * FROM payments WHERE order_id=516,select payments by order
SELECT * FROM shipments WHERE order_id=517,select shipments by order
SELECT * FROM reviews WHERE product_id=518,select reviews by product
SELECT * FROM inventory WHERE product_id=519,select inventory by product
SELECT * FROM orders WHERE id=520,select orders by id
SELECT * FROM users WHERE id=521,select users by id
SELECT * FROM products WHERE id=522,select products by id
SELECT count(*) FROM orders WHERE id>523,count orders gt id
SELECT name FROM users WHERE id=524,select user name by id
SELECT price FROM products WHERE id=525,select product price
SELECT * FROM payments WHERE order_id=526,select payments by order
SELECT * FROM shipments WHERE order_id=527,select shipments by order
SELECT * FROM reviews WHERE product_id=528,select reviews by product
SELECT * FROM inventory WHERE product_id=529,select inventory by product
SELECT * FROM orders WHERE id=530,select orders by id
SELECT * FROM users WHERE id=531,select users by id
SELECT * FROM products WHERE id=532,select products by id
SELECT count(*) FROM orders WHERE id>533,count orders gt id
SELECT name FROM users WHERE id=534,select user name by id
SELECT price FROM products WHERE id=535,select product price
SELECT * FROM payments WHERE order_id=536,select payments by order
SELECT * FROM shipments WHERE order_id=537,select shipments by order
SELECT * FROM reviews WHERE product_id=538,select reviews by product
SELECT * FROM inventory WHERE product_id=539,select inventory by product
SELECT * FROM orders WHERE id=540,select orders by id
SELECT * FROM users WHERE id=541,select users by id
SELECT * FROM products WHERE id=542,select products by id
SELECT count(*) FROM orders WHERE id>543,count orders gt id
SELECT name FROM users WHERE id=544,select user name by id
SELECT price FROM products WHERE id=545,select product price
SELECT * FROM payments WHERE order_id=546,select payments by order
SELECT * FROM shipments WHERE order_id=547,select shipments by order
SELECT * FROM reviews WHERE product_id=548,select reviews by product
SELECT * FROM inventory WHERE product_id=549,select inventory by product
SELECT * FROM orders WHERE id=550,select orders by id
SELECT * FROM users WHERE id=551,select users by id
SELECT * FROM products WHERE id=552,select products by id
SELECT count(*) FROM orders WHERE id>553,count orders gt id
SELECT name FROM users WHERE id=554,select user name by id
SELECT price FROM products WHERE id=555,select product price
SELECT * FROM payments WHERE order_id=556,select payments by order
SELECT * FROM shipments WHERE order_id=557,select shipments by order
SELECT * FROM reviews WHERE product_id=558,select reviews by product
SELECT * FROM inventory WHERE product_id=559,select inventory by product
SELECT * FROM orders WHERE id=560,select orders by id
SELECT * FROM users WHERE id=561,select users by id
SELECT * FROM products WHERE id=562,select products by id
SELECT count(*) FROM orders WHERE id>563,count orders gt id
SELECT name FROM users WHERE id=564,select user name by id
SELECT price FROM products WHERE id=565,select product price
SELECT * FROM payments WHERE order_id=566,select payments by order
SELECT * FROM shipments WHERE order_id=567,select shipments by order
SELECT * FROM reviews WHERE product_id=568,select reviews by product
SELECT * FROM inventory WHERE product_id=569,select inventory by product
SELECT * FROM orders WHERE id=570,select orders by id
SELECT * FROM users WHERE id=571,select users by id
SELECT * FROM products WHERE id=572,select products by id
SELECT count(*) FROM orders WHERE id>573,count orders gt id
SELECT name FROM users WHERE id=574,select user name by id
SELECT price FROM products WHERE id=575,select product price
SELECT * FROM payments WHERE order_id=576,select payments by order
SELECT * FROM shipments WHERE order_id=577,select shipments by order
SELECT * FROM reviews WHERE product_id=578,select reviews by product
SELECT * FROM inventory WHERE product_id=579,select inventory by product
SELECT * FROM orders WHERE id=580,select orders by id
SELECT * FROM users WHERE id=581,select users by id
SELECT * FROM products WHERE id=582,select products by id
SELECT count(*) FROM orders WHERE id>583,count orders gt id
SELECT name FROM users WHERE id=584,select user name by id
SELECT price FROM products WHERE id=585,select product price
SELECT * FROM payments WHERE order_id=586,select payments by order
SELECT * FROM shipments WHERE order_id=587,select shipments by order
SELECT * FROM reviews WHERE product_id=588,select reviews by product
SELECT * FROM inventory WHERE product_id=589,select inventory by product
SELECT * FROM orders WHERE id=590,select orders by id
SELECT * FROM users WHERE id=591,select users by id
SELECT * FROM products WHERE id=592,select products by id
SELECT count(*) FROM orders WHERE id>593,count orders gt id
SELECT name FROM users WHERE id=594,select user name by id
SELECT price FROM products WHERE id=595,select product price
SELECT * FROM payments WHERE order_id=596,select payments by order
SELECT * FROM shipments WHERE order_id=597,select shipments by order
SELECT * FROM reviews WHERE product_id=598,select reviews by product
SELECT * FROM inventory WHERE product_id=599,select inventory by product
SELECT * FROM orders WHERE id=600,select orders by id
SELECT * FROM users WHERE id=601,select users by id
SELECT * FROM products WHERE id=602,select products by id
SELECT count(*) FROM orders WHERE id>603,count orders gt id
SELECT name FROM users WHERE id=604,select user name by id
SELECT price FROM products WHERE id=605,select product price
SELECT * FROM payments WHERE order_id=606,select payments by order
SELECT * FROM shipments WHERE order_id=607,select shipments by order
SELECT * FROM reviews WHERE product_id=608,select reviews by product
SELECT * FROM inventory WHERE product_id=609,select inventory by product
SELECT * FROM orders WHERE id=610,select orders by id
SELECT * FROM users WHERE id=611,select users by id
SELECT * FROM products WHERE id=612,select products by id
SELECT count(*) FROM orders WHERE id>613,count orders gt id
SELECT name FROM users WHERE id=614,select user name by id
SELECT price FROM products WHERE id=615,select product price
SELECT * FROM payments WHERE order_id=616,select payments by order
SELECT * FROM shipments WHERE order_id=617,select shipments by order
SELECT * FROM reviews WHERE product_id=618,select reviews by product
SELECT * FROM inventory WHERE product_id=619,select inventory by product
SELECT * FROM orders WHERE id=620,select orders by id
SELECT * FROM users WHERE id=621,select users by id
SELECT * FROM products WHERE id=622,select products by id
SELECT count(*) FROM orders WHERE id>623,count orders gt id
SELECT name FROM users WHERE id=624,select user name by id
SELECT price FROM products WHERE id=625,select product price
SELECT * FROM payments WHERE order_id=626,select payments by order
SELECT * FROM shipments WHERE order_id=627,select shipments by order
SELECT * FROM reviews WHERE product_id=628,select reviews by product
SELECT * FROM inventory WHERE product_id=629,select inventory by product
SELECT * FROM orders WHERE id=630,select orders by id
SELECT * FROM users WHERE id=631,select users by id
SELECT * FROM products WHERE id=632,select products by id
SELECT count(*) FROM orders WHERE id>633,count orders gt id
SELECT name FROM users WHERE id=634,select user name by id
SELECT price FROM products WHERE id=635,select product price
SELECT * FROM payments WHERE order_id=636,select payments by order
SELECT * FROM shipments WHERE order_id=637,select shipments by order
SELECT * FROM reviews WHERE product_id=638,select reviews by product
SELECT * FROM inventory WHERE product_id=639,select inventory by product
SELECT * FROM orders WHERE id=640,select orders by id
SELECT * FROM users WHERE id=641,select users by id
SELECT * FROM products WHERE id=642,select products by id
SELECT count(*) FROM orders WHERE id>643,count orders gt id
SELECT name FROM users WHERE id=644,select user name by id
SELECT price FROM products WHERE id=645,select product price
SELECT * FROM payments WHERE order_id=646,select payments by order
SELECT * FROM shipments WHERE order_id=647,select shipments by order
SELECT * FROM reviews WHERE product_id=648,select reviews by product
SELECT * FROM inventory WHERE product_id=649,select inventory by product
SELECT * FROM orders WHERE id=650,select orders by id
SELECT * FROM users WHERE id=651,select users by id
SELECT * FROM products WHERE id=652,select products by id
SELECT count(*) FROM orders WHERE id>653,count orders gt id
SELECT name FROM users WHERE id=654,select user name by id
SELECT price FROM products WHERE id=655,select product price
SELECT * FROM payments WHERE order_id=656,select payments by order
SELECT * FROM shipments WHERE order_id=657,select shipments by order
SELECT * FROM reviews WHERE product_id=658,select reviews by product
SELECT * FROM inventory WHERE product_id=659,select inventory by product
SELECT * FROM orders WHERE id=660,select orders by id
SELECT * FROM users WHERE id=661,select users by id
SELECT * FROM products WHERE id=662,select products by id
SELECT count(*) FROM orders WHERE id>663,count orders gt id
SELECT name FROM users WHERE id=664,select user name by id
SELECT price FROM products WHERE id=665,select product price
SELECT * FROM payments WHERE order_id=666,select payments by order
SELECT * FROM shipments WHERE order_id=667,select shipments by order
SELECT * FROM reviews WHERE product_id=668,select reviews by product
SELECT * FROM inventory WHERE product_id=669,select inventory by product
SELECT * FROM orders WHERE id=670,select orders by id
SELECT * FROM users WHERE id=671,select users by id
SELECT * FROM products WHERE id=672,select products by id
SELECT count(*) FROM orders WHERE id>673,count orders gt id
SELECT name FROM users WHERE id=674,select user name by id
SELECT price FROM products WHERE id=675,select product price
SELECT * FROM payments WHERE order_id=676,select payments by order
SELECT * FROM shipments WHERE order_id=677,select shipments by order
SELECT * FROM reviews WHERE product_id=678,select reviews by product
SELECT * FROM inventory WHERE product_id=679,select inventory by product
SELECT * FROM orders WHERE id=680,select orders by id
SELECT * FROM users WHERE id=681,select users by id
SELECT * FROM products WHERE id=682,select products by id
SELECT count(*) FROM orders WHERE id>683,count orders gt id
SELECT name FROM users WHERE id=684,select user name by id
SELECT price FROM products WHERE id=685,select product price
SELECT * FROM payments WHERE order_id=686,select payments by order
SELECT * FROM shipments WHERE order_id=687,select shipments by order
SELECT * FROM reviews WHERE product_id=688,select reviews by product
SELECT * FROM inventory WHERE product_id=689,select inventory by product
SELECT * FROM orders WHERE id=690,select orders by id
SELECT * FROM users WHERE id=691,select users by id
SELECT * FROM products WHERE id=692,select products by id
SELECT count(*) FROM orders WHERE id>693,count orders gt id
SELECT name FROM users WHERE id=694,select user name by id
SELECT price FROM products WHERE id=695,select product price
SELECT * FROM payments WHERE order_id=696,select payments by order
SELECT * FROM shipments WHERE order_id=697,select shipments by order
SELECT * FROM reviews WHERE product_id=698,select reviews by product
SELECT * FROM inventory WHERE product_id=699,select inventory by product
SELECT * FROM orders WHERE id=700,select orders by id
SELECT * FROM users WHERE id=701,select users by id
SELECT * FROM products WHERE id=702,select products by id
SELECT count(*) FROM orders WHERE id>703,count orders gt id
SELECT name FROM users WHERE id=704,select user name by id
SELECT price FROM products WHERE id=705,select product price
SELECT * FROM payments WHERE order_id=706,select payments by order
SELECT * FROM shipments WHERE order_id=707,select shipments by order
SELECT * FROM reviews WHERE product_id=708,select reviews by product
SELECT * FROM inventory WHERE product_id=709,select inventory by product
SELECT * FROM orders WHERE id=710,select orders by id
SELECT * FROM users WHERE id=711,select users by id
SELECT * FROM products WHERE id=712,select products by id
SELECT count(*) FROM orders WHERE id>713,count orders gt id
SELECT name FROM users WHERE id=714,select user name by id
SELECT price FROM products WHERE id=715,select product price
SELECT * FROM payments WHERE order_id=716,select payments by order
SELECT * FROM shipments WHERE order_id=717,select shipments by order
SELECT * FROM reviews WHERE product_id=718,select reviews by product
SELECT * FROM inventory WHERE product_id=719,select inventory by product
SELECT * FROM orders WHERE id=720,select orders by id
SELECT * FROM users WHERE id=721,select users by id
SELECT * FROM products WHERE id=722,select products by id
SELECT count(*) FROM orders WHERE id>723,count orders gt id
SELECT name FROM users WHERE id=724,select user name by id
SELECT price FROM products WHERE id=725,select product price
SELECT * FROM payments WHERE order_id=726,select payments by order
SELECT * FROM shipments WHERE order_id=727,select shipments by order
SELECT * FROM reviews WHERE product_id=728,select reviews by product
SELECT * FROM inventory WHERE product_id=729,select inventory by product
SELECT * FROM orders WHERE id=730,select orders by id
SELECT * FROM users WHERE id=731,select users by id
SELECT * FROM products WHERE id=732,select products by id
SELECT count(*) FROM orders WHERE id>733,count orders gt id
SELECT name FROM users WHERE id=734,select user name by id
SELECT price FROM products WHERE id=735,select product price
SELECT * FROM payments WHERE order_id=736,select payments by order
SELECT * FROM shipments WHERE order_id=737,select shipments by order
SELECT * FROM reviews WHERE product_id=738,select reviews by product
SELECT * FROM inventory WHERE product_id=739,select inventory by product
SELECT * FROM orders WHERE id=740,select orders by id
SELECT * FROM users WHERE id=741,select users by id
SELECT * FROM products WHERE id=742,select products by id
SELECT count(*) FROM orders WHERE id>743,count orders gt id
SELECT name FROM users WHERE id=744,select user name by id
SELECT price FROM products WHERE id=745,select product price
SELECT * FROM payments WHERE order_id=746,select payments by order
SELECT * FROM shipments WHERE order_id=747,select shipments by order
SELECT * FROM reviews WHERE product_id=748,select reviews by product
SELECT * FROM inventory WHERE product_id=749,select inventory by product
SELECT * FROM orders WHERE id=750,select orders by id
SELECT * FROM users WHERE id=751,select users by id
SELECT * FROM products WHERE id=752,select products by id
SELECT count(*) FROM orders WHERE id>753,count orders gt id
SELECT name FROM users WHERE id=754,select user name by id
SELECT price FROM products WHERE id=755,select product price
SELECT * FROM payments WHERE order_id=756,select payments by order
SELECT * FROM shipments WHERE order_id=757,select shipments by order
SELECT * FROM reviews WHERE product_id=758,select reviews by product
SELECT * FROM inventory WHERE product_id=759,select inventory by product
SELECT * FROM orders WHERE id=760,select orders by id
SELECT * FROM users WHERE id=761,select users by id
SELECT * FROM products WHERE id=762,select products by id
SELECT count(*) FROM orders WHERE id>763,count orders gt id
SELECT name FROM users WHERE id=764,select user name by id
SELECT price FROM products WHERE id=765,select product price
SELECT * FROM payments WHERE order_id=766,select payments by order
SELECT * FROM shipments WHERE order_id=767,select shipments by order
SELECT * FROM reviews WHERE product_id=768,select reviews by product
SELECT * FROM inventory WHERE product_id=769,select inventory by product
SELECT * FROM orders WHERE id=770,select orders by id
SELECT * FROM users WHERE id=771,select users by id
SELECT * FROM products WHERE id=772,select products by id
SELECT count(*) FROM orders WHERE id>773,count orders gt id
SELECT name FROM users WHERE id=774,select user name by id
SELECT price FROM products WHERE id=775,select product price
SELECT * FROM payments WHERE order_id=776,select payments by order
SELECT * FROM shipments WHERE order_id=777,select shipments by order
SELECT * FROM reviews WHERE product_id=778,select reviews by product
SELECT * FROM inventory WHERE product_id=779,select inventory by product
SELECT * FROM orders WHERE id=780,select orders by id
SELECT * FROM users WHERE id=781,select users by id
SELECT * FROM products WHERE id=782,select products by id
SELECT count(*) FROM orders WHERE id>783,count orders gt id
SELECT name FROM users WHERE id=784,select user name by id
SELECT price FROM products WHERE id=785,select product price
SELECT * FROM payments WHERE order_id=786,select payments by order
SELECT * FROM shipments WHERE order_id=787,select shipments by order
SELECT * FROM reviews WHERE product_id=788,select reviews by product
SELECT * FROM inventory WHERE product_id=789,select inventory by product
SELECT * FROM orders WHERE id=790,select orders by id
SELECT * FROM users WHERE id=791,select users by id
SELECT * FROM products WHERE id=792,select products by id
SELECT count(*) FROM orders WHERE id>793,count orders gt id
SELECT name FROM users WHERE id=794,select user name by id
SELECT price FROM products WHERE id=795,select product price
SELECT * FROM payments WHERE order_id=796,select payments by order
SELECT * FROM shipments WHERE order_id=797,select shipments by order
SELECT * FROM reviews WHERE product_id=798,select reviews by product
SELECT * FROM inventory WHERE product_id=799,select inventory by product
SELECT * FROM orders WHERE id=800,select orders by id
SELECT * FROM users WHERE id=801,select users by id
SELECT * FROM products WHERE id=802,select products by id
SELECT count(*) FROM orders WHERE id>803,count orders gt id
SELECT name FROM users WHERE id=804,select user name by id
SELECT price FROM products WHERE id=805,select product price
SELECT * FROM payments WHERE order_id=806,select payments by order
SELECT * FROM shipments WHERE order_id=807,select shipments by order
SELECT * FROM reviews WHERE product_id=808,select reviews by product
SELECT * FROM inventory WHERE product_id=809,select inventory by product
SELECT * FROM orders WHERE id=810,select orders by id
SELECT * FROM users WHERE id=811,select users by id
SELECT * FROM products WHERE id=812,select products by id
SELECT count(*) FROM orders WHERE id>813,count orders gt id
SELECT name FROM users WHERE id=814,select user name by id
SELECT price FROM products WHERE id=815,select product price
SELECT * FROM payments WHERE order_id=816,select payments by order
SELECT * FROM shipments WHERE order_id=817,select shipments by order
SELECT * FROM reviews WHERE product_id=818,select reviews by product
SELECT * FROM inventory WHERE product_id=819,select inventory by product
SELECT * FROM orders WHERE id=820,select orders by id
SELECT * FROM users WHERE id=821,select users by id
SELECT * FROM products WHERE id=822,select products by id
SELECT count(*) FROM orders WHERE id>823,count orders gt id
SELECT name FROM users WHERE id=824,select user name by id
SELECT price FROM products WHERE id=825,select product price
SELECT * FROM payments WHERE order_id=826,select payments by order
SELECT * FROM shipments WHERE order_id=827,select shipments by order
SELECT * FROM reviews WHERE product_id=828,select reviews by product
SELECT * FROM inventory WHERE product_id=829,select inventory by product
SELECT * FROM orders WHERE id=830,select orders by id
SELECT * FROM users WHERE id=831,select users by id
SELECT * FROM products WHERE id=832,select products by id
SELECT count(*) FROM orders WHERE id>833,count orders gt id
SELECT name FROM users WHERE id=834,select user name by id
SELECT price FROM products WHERE id=835,select product price
SELECT * FROM payments WHERE order_id=836,select payments by order
SELECT * FROM shipments WHERE order_id=837,select shipments by order
SELECT * FROM reviews WHERE product_id=838,select reviews by product
SELECT * FROM inventory WHERE product_id=839,select inventory by product
SELECT * FROM orders WHERE id=840,select orders by id
SELECT * FROM users WHERE id=841,select users by id
SELECT * FROM products WHERE id=842,select products by id
SELECT count(*) FROM orders WHERE id>843,count orders gt id
SELECT name FROM users WHERE id=844,select user name by id
SELECT price FROM products WHERE id=845,select product price
SELECT * FROM payments WHERE order_id=846,select payments by order
SELECT * FROM shipments WHERE order_id=847,select shipments by order
SELECT * FROM reviews WHERE product_id=848,select reviews by product
SELECT * FROM inventory WHERE product_id=849,select inventory by product
SELECT * FROM orders WHERE id=850,select orders by id
SELECT * FROM users WHERE id=851,select users by id
SELECT * FROM products WHERE id=852,select products by id
SELECT count(*) FROM orders WHERE id>853,count orders gt id
SELECT name FROM users WHERE id=854,select user name by id
SELECT price FROM products WHERE id=855,select product price
SELECT * FROM payments WHERE order_id=856,select payments by order
SELECT * FROM shipments WHERE order_id=857,select shipments by order
SELECT * FROM reviews WHERE product_id=858,select reviews by product
SELECT * FROM inventory WHERE product_id=859,select inventory by product
SELECT * FROM orders WHERE id=860,select orders by id
SELECT * FROM users WHERE id=861,select users by id
SELECT * FROM products WHERE id=862,select products by id
SELECT count(*) FROM orders WHERE id>863,count orders gt id
SELECT name FROM users WHERE id=864,select user name by id
SELECT price FROM products WHERE id=865,select product price
SELECT * FROM payments WHERE order_id=866,select payments by order
SELECT * FROM shipments WHERE order_id=867,select shipments by order
SELECT * FROM reviews WHERE product_id=868,select reviews by product
SELECT * FROM inventory WHERE product_id=869,select inventory by product
SELECT * FROM orders WHERE id=870,select orders by id
SELECT * FROM users WHERE id=871,select users by id
SELECT * FROM products WHERE id=872,select products by id
SELECT count(*) FROM orders WHERE id>873,count orders gt id
SELECT name FROM users WHERE id=874,select user name by id
SELECT price FROM products WHERE id=875,select product price
SELECT * FROM payments WHERE order_id=876,select payments by order
SELECT * FROM shipments WHERE order_id=877,select shipments by order
SELECT * FROM reviews WHERE product_id=878,select reviews by product
SELECT * FROM inventory WHERE product_id=879,select inventory by product
SELECT * FROM orders WHERE id=880,select orders by id
SELECT * FROM users WHERE id=881,select users by id
SELECT * FROM products WHERE id=882,select products by id
SELECT count(*) FROM orders WHERE id>883,count orders gt id
SELECT name FROM users WHERE id=884,select user name by id
SELECT price FROM products WHERE id=885,select product price
SELECT * FROM payments WHERE order_id=886,select payments by order
SELECT * FROM shipments WHERE order_id=887,select shipments by order
SELECT * FROM reviews WHERE product_id=888,select reviews by product
SELECT * FROM inventory WHERE product_id=889,select inventory by product
SELECT * FROM orders WHERE id=890,select orders by id
SELECT * FROM users WHERE id=891,select users by id
SELECT * FROM products WHERE id=892,select products by id
SELECT count(*) FROM orders WHERE id>893,count orders gt id
SELECT name FROM users WHERE id=894,select user name by id
SELECT price FROM products WHERE id=895,select product price
SELECT * FROM payments WHERE order_id=896,select payments by order
SELECT * FROM shipments WHERE order_id=897,select shipments by order
SELECT * FROM reviews WHERE product_id=898,select reviews by product
SELECT * FROM inventory WHERE product_id=899,select inventory by product
SELECT * FROM orders WHERE id=900,select orders by id
SELECT * FROM users WHERE id=901,select users by id
SELECT * FROM products WHERE id=902,select products by id
SELECT count(*) FROM orders WHERE id>903,count orders gt id
SELECT name FROM users WHERE id=904,select user name by id
SELECT price FROM products WHERE id=905,select product price
SELECT * FROM payments WHERE order_id=906,select payments by order
SELECT * FROM shipments WHERE order_id=907,select shipments by order
SELECT * FROM reviews WHERE product_id=908,select reviews by product
SELECT * FROM inventory WHERE product_id=909,select inventory by product
SELECT * FROM orders WHERE id=910,select orders by id
SELECT * FROM users WHERE id=911,select users by id
SELECT * FROM products WHERE id=912,select products by id
SELECT count(*) FROM orders WHERE id>913,count orders gt id
SELECT name FROM users WHERE id=914,select user name by id
SELECT price FROM products WHERE id=915,select product price
SELECT * FROM payments WHERE order_id=916,select payments by order
SELECT * FROM shipments WHERE order_id=917,select shipments by order
SELECT * FROM reviews WHERE product_id=918,select reviews by product
SELECT * FROM inventory WHERE product_id=919,select inventory by product
SELECT * FROM orders WHERE id=920,select orders by id
SELECT * FROM users WHERE id=921,select users by id
SELECT * FROM products WHERE id=922,select products by id
SELECT count(*) FROM orders WHERE id>923,count orders gt id
SELECT name FROM users WHERE id=924,select user name by id
SELECT price FROM products WHERE id=925,select product price
SELECT * FROM payments WHERE order_id=926,select payments by order
SELECT * FROM shipments WHERE order_id=927,select shipments by order
SELECT * FROM reviews WHERE product_id=928,select reviews by product
SELECT * FROM inventory WHERE product_id=929,select inventory by product
SELECT * FROM orders WHERE id=930,select orders by id
SELECT * FROM users WHERE id=931,select users by id
SELECT * FROM products WHERE id=932,select products by id
SELECT count(*) FROM orders WHERE id>933,count orders gt id
SELECT name FROM users WHERE id=934,select user name by id
SELECT price FROM products WHERE id=935,select product price
SELECT * FROM payments WHERE order_id=936,select payments by order
SELECT * FROM shipments WHERE order_id=937,select shipments by order
SELECT * FROM reviews WHERE product_id=938,select reviews by product
SELECT * FROM inventory WHERE product_id=939,select inventory by product
SELECT * FROM orders WHERE id=940,select orders by id
SELECT * FROM users WHERE id=941,select users by id
SELECT * FROM products WHERE id=942,select products by id
SELECT count(*) FROM orders WHERE id>943,count orders gt id
SELECT name FROM users WHERE id=944,select user name by id
SELECT price FROM products WHERE id=945,select product price
SELECT * FROM payments WHERE order_id=946,select payments by order
SELECT * FROM shipments WHERE order_id=947,select shipments by order
SELECT * FROM reviews WHERE product_id=948,select reviews by product
SELECT * FROM inventory WHERE product_id=949,select inventory by product
SELECT * FROM orders WHERE id=950,select orders by id
SELECT * FROM users WHERE id=951,select users by id
SELECT * FROM products WHERE id=952,select products by id
SELECT count(*) FROM orders WHERE id>953,count orders gt id
SELECT name FROM users WHERE id=954,select user name by id
SELECT price FROM products WHERE id=955,select product price
SELECT * FROM payments WHERE order_id=956,select payments by order
SELECT * FROM shipments WHERE order_id=957,select shipments by order
SELECT * FROM reviews WHERE product_id=958,select reviews by product
SELECT * FROM inventory WHERE product_id=959,select inventory by product
SELECT * FROM orders WHERE id=960,select orders by id
SELECT * FROM users WHERE id=961,select users by id
SELECT * FROM products WHERE id=962,select products by id
SELECT count(*) FROM orders WHERE id>963,count orders gt id
SELECT name FROM users WHERE id=964,select user name by id
SELECT price FROM products WHERE id=965,select product price
SELECT * FROM payments WHERE order_id=966,select payments by order
SELECT * FROM shipments WHERE order_id=967,select shipments by order
SELECT * FROM reviews WHERE product_id=968,select reviews by product
SELECT * FROM inventory WHERE product_id=969,select inventory by product
SELECT * FROM orders WHERE id=970,select orders by id
SELECT * FROM users WHERE id=971,select users by id
SELECT * FROM products WHERE id=972,select products by id
SELECT count(*) FROM orders WHERE id>973,count orders gt id
SELECT name FROM users WHERE id=974,select user name by id
SELECT price FROM products WHERE id=975,select product price
SELECT * FROM payments WHERE order_id=976,select payments by order
SELECT * FROM shipments WHERE order_id=977,select shipments by order
SELECT * FROM reviews WHERE product_id=978,select reviews by product
SELECT * FROM inventory WHERE product_id=979,select inventory by product
SELECT * FROM orders WHERE id=980,select orders by id
SELECT * FROM users WHERE id=981,select users by id
SELECT * FROM products WHERE id=982,select products by id
SELECT count(*) FROM orders WHERE id>983,count orders gt id
SELECT name FROM users WHERE id=984,select user name by id
SELECT price FROM products WHERE id=985,select product price
SELECT * FROM payments WHERE order_id=986,select payments by order
SELECT * FROM shipments WHERE order_id=987,select shipments by order
SELECT * FROM reviews WHERE product_id=988,select reviews by product
SELECT * FROM inventory WHERE product_id=989,select inventory by product
SELECT * FROM orders WHERE id=990,select orders by id
SELECT * FROM users WHERE id=991,select users by id
SELECT * FROM products WHERE id=992,select products by id
SELECT count(*) FROM orders WHERE id>993,count orders gt id
SELECT name FROM users WHERE id=994,select user name by id
SELECT price FROM products WHERE id=995,select product price
SELECT * FROM payments WHERE order_id=996,select payments by order
SELECT * FROM shipments WHERE order_id=997,select shipments by order
SELECT * FROM reviews WHERE product_id=998,select reviews by product
SELECT * FROM inventory WHERE product_id=999,select inventory by product
SELECT * FROM orders WHERE id=1000,select orders by id
